{
  "50": {
    "p": -0.9196913733066078,
    "omega": 4.416133247282026,
    "ho2": -0.9195540314258706,
    "ho3": -2.566671946606464
  },
  "44.48436335691837": {
    "p": -0.9196913733069865,
    "omega": 4.413067623654979,
    "ho2": -0.9195548966048099,
    "ho3": -2.566683196892445
  },
  "39.57717166540684": {
    "p": -0.9196913733076919,
    "omega": 4.408190373573066,
    "ho2": -0.9195562510912305,
    "ho3": -2.5667010841929105
  },
  "35.21130570006184": {
    "p": -0.9196913733094809,
    "omega": 4.400445863474278,
    "ho2": -0.9195583489453765,
    "ho3": -2.5667294672409393
  },
  "31.32705034066164": {
    "p": -0.9196913733138699,
    "omega": 4.388186468593304,
    "ho2": -0.9195615462878942,
    "ho3": -2.566774379258389
  },
  "27.871277805089317": {
    "p": -0.91969137332395,
    "omega": 4.368876238220248,
    "ho2": -0.9195663074179083,
    "ho3": -2.566845191698311
  },
  "24.796720982064148": {
    "p": -0.9196913733479241,
    "omega": 4.3387001406412695,
    "ho2": -0.9195731745607568,
    "ho3": -2.5669563944788285
  },
  "22.061326924525268": {
    "p": -0.9196913734009684,
    "omega": 4.292124015260109,
    "ho2": -0.9195826811336285,
    "ho3": -2.567130421017081
  },
  "19.627681660926967": {
    "p": -0.9196913734768979,
    "omega": 4.224836789525937,
    "ho2": -0.9195952047877654,
    "ho3": -2.5674038456182813
  },
  "17.462498457171968": {
    "p": -0.9196913735076748,
    "omega": 4.121352415784721,
    "ho2": -0.9196107495768696,
    "ho3": -2.5678298106547666
  },
  "15.536162529769287": {
    "p": -0.9196913735171197,
    "omega": 3.9752221346370455,
    "ho2": -0.9196286307327707,
    "ho3": -2.5685014408738325
  },
  "13.822325982927941": {
    "p": -0.9196913735240212,
    "omega": 3.776814545209332,
    "ho2": -0.9196471726498189,
    "ho3": -2.5695717699365823
  },
  "12.297547429246809": {
    "p": -0.919691373523919,
    "omega": 3.523584587722142,
    "ho2": -0.9196638937817245,
    "ho3": -2.571305137183888
  },
  "10.94097136483105": {
    "p": -0.9196913735005774,
    "omega": 3.218806022856299,
    "ho2": -0.9196765067981173,
    "ho3": -2.5741586467054853
  },
  "9.73404291341567": {
    "p": -0.9196913734494473,
    "omega": 2.8747564331684403,
    "ho2": -0.9196841007901182,
    "ho3": -2.5789111048794986
  },
  "8.66025403784438": {
    "p": -0.9196913732785059,
    "omega": 2.505351611217273,
    "ho2": -0.9196873917484415,
    "ho3": -2.5868323067543595
  },
  "7.704917747653778": {
    "p": -0.9196913719499099,
    "omega": 2.594791123301433,
    "ho2": -0.9196884630172317,
    "ho3": -2.5999155558857328
  },
  "6.8549672144359945": {
    "p": -0.9196913688400195,
    "omega": 2.394101655830389,
    "ho2": -0.9196901269492339,
    "ho3": -2.620656813985855
  },
  "6.098777047334667": {
    "p": -0.9196913636447345,
    "omega": 2.1265062399190433,
    "ho2": -0.9196909511702819,
    "ho3": -2.6518371349362115
  },
  "5.426004284129382": {
    "p": -0.9196913550028402,
    "omega": 1.8487922942168225,
    "ho2": -0.9196912451648923,
    "ho3": -2.695029690305057
  },
  "4.827446923028143": {
    "p": -0.9196913420609907,
    "omega": 1.5869546675077018,
    "ho2": -0.9196913188859954,
    "ho3": -2.7486695950958806
  },
  "4.29491806020443": {
    "p": -0.9196913210604977,
    "omega": 1.3429772838688427,
    "ho2": -0.9196913173222007,
    "ho3": -2.806909152931596
  },
  "3.8211339115664975": {
    "p": -0.9196912876260411,
    "omega": 1.1239108397731772,
    "ho2": -0.9196912871807221,
    "ho3": -2.8611664668962424
  },
  "3.3996141871513377": {
    "p": -0.9196912346570686,
    "omega": 0.9251948510664023,
    "ho2": -0.9196912345970433,
    "ho3": -2.9040339790389873
  },
  "3.0245934554914955": {
    "p": -0.9196911498101493,
    "omega": 0.8452527410354707,
    "ho2": -0.9196911497580167,
    "ho3": -2.9324563604968796
  },
  "2.69094228562082": {
    "p": -0.9196910152384107,
    "omega": 0.7374972493882744,
    "ho2": -0.9196910152167151,
    "ho3": -2.947810800335695
  },
  "2.3940970881210597": {
    "p": -0.9196907997859998,
    "omega": 0.6224346491535254,
    "ho2": -0.9196907997657346,
    "ho3": -2.9536114198787056
  },
  "2.1299976955943487": {
    "p": -0.9196904559844462,
    "omega": 0.5202434644885087,
    "ho2": -0.91969045596441,
    "ho3": -2.9530682371286474
  },
  "1.8950318288043566": {
    "p": -0.9196899077876993,
    "omega": 0.4212646524016195,
    "ho2": -0.9196899077660382,
    "ho3": -2.947948799194308
  },
  "1.6859856889091707": {
    "p": -0.9196890310693274,
    "omega": 0.3627740150051982,
    "ho2": -0.9196890310490345,
    "ho3": -2.9387864703284508
  },
  "1.5": {
    "p": -0.9196876301762162,
    "omega": 0.380781956078457,
    "ho2": -0.9196876301560029,
    "ho3": -2.9256876788259767
  }
}