{
  "50": {
    "p": -0.9196913733066078,
    "omega": 4.416133247282026,
    "ho2": -0.9195540314258706,
    "ho3": -2.566671946606464
  },
  "44.48436335691837": {
    "p": -0.9196913733067988,
    "omega": 4.412965847139422,
    "ho2": -0.9195549059179391,
    "ho3": -2.566685909992044
  },
  "39.57717166540684": {
    "p": -0.9196913733077122,
    "omega": 4.407927107101541,
    "ho2": -0.919556275529184,
    "ho3": -2.5667081279368658
  },
  "35.21130570006184": {
    "p": -0.9196913733097501,
    "omega": 4.399927251573853,
    "ho2": -0.9195583980870287,
    "ho3": -2.5667434236609585
  },
  "31.32705034066164": {
    "p": -0.9196913733145089,
    "omega": 4.387266321452635,
    "ho2": -0.9195616359347641,
    "ho3": -2.566799369651138
  },
  "27.871277805089317": {
    "p": -0.9196913733257353,
    "omega": 4.367330089355205,
    "ho2": -0.919566463259853,
    "ho3": -2.566887792395164
  },
  "24.796720982064148": {
    "p": -0.9196913733519738,
    "omega": 4.336190943834859,
    "ho2": -0.9195734364474305,
    "ho3": -2.5670270918071054
  },
  "22.061326924525268": {
    "p": -0.9196913734105568,
    "omega": 4.288161259462115,
    "ho2": -0.9195831046044449,
    "ho3": -2.5672459111494605
  },
  "19.627681660926967": {
    "p": -0.919691373495261,
    "omega": 4.218717529879663,
    "ho2": -0.9195958518370442,
    "ho3": -2.56759064784353
  },
  "17.462498457171968": {
    "p": -0.919691373530407,
    "omega": 4.112393465938207,
    "ho2": -0.919611658129964,
    "ho3": -2.568129977973029
  },
  "15.536162529769287": {
    "p": -0.9196913735412942,
    "omega": 3.961974798352605,
    "ho2": -0.919629766357318,
    "ho3": -2.568980935141566
  },
  "13.822325982927941": {
    "p": -0.9196913735498874,
    "omega": 3.7581325789984126,
    "ho2": -0.919648390811281,
    "ho3": -2.5703341035587743
  },
  "12.297547429246809": {
    "p": -0.9196913735503246,
    "omega": 3.496864345092927,
    "ho2": -0.9196649528901413,
    "ho3": -2.5725104513093524
  },
  "10.94097136483105": {
    "p": -0.9196913735246988,
    "omega": 3.1819411779497435,
    "ho2": -0.919677126014535,
    "ho3": -2.5760527279389787
  },
  "9.73404291341567": {
    "p": -0.9196913734683418,
    "omega": 2.824815201559728,
    "ho2": -0.9196839875778017,
    "ho3": -2.581864031786973
  },
  "8.66025403784438": {
    "p": -0.9196913732511992,
    "omega": 2.435029594127996,
    "ho2": -0.9196861430337199,
    "ho3": -2.5913851715898004
  },
  "7.704917747653778": {
    "p": -0.9196913717984034,
    "omega": 2.6835013395717926,
    "ho2": -0.9196880240436162,
    "ho3": -2.6068778923519456
  },
  "6.8549672144359945": {
    "p": -0.9196913685675593,
    "omega": 2.437124611404141,
    "ho2": -0.9196900297766133,
    "ho3": -2.630950724139015
  },
  "6.098777047334667": {
    "p": -0.9196913631848316,
    "omega": 2.1455841534819218,
    "ho2": -0.9196909520112572,
    "ho3": -2.6662710690035456
  },
  "5.426004284129382": {
    "p": -0.919691354556316,
    "omega": 1.838826975158042,
    "ho2": -0.91969126245161,
    "ho3": -2.7134271061571513
  },
  "4.827446923028143": {
    "p": -0.9196913408250786,
    "omega": 1.5240041294594646,
    "ho2": -0.9196913256408574,
    "ho3": -2.768782623821808
  },
  "4.29491806020443": {
    "p": -0.9196913191964308,
    "omega": 1.510587631271169,
    "ho2": -0.9196912927978853,
    "ho3": -2.8244649441179797
  },
  "3.8211339115664975": {
    "p": -0.9196912844299138,
    "omega": 1.373428570481491,
    "ho2": -0.9196912775397463,
    "ho3": -2.872143070458028
  },
  "3.3996141871513377": {
    "p": -0.919691229714885,
    "omega": 1.2081069432366887,
    "ho2": -0.9196912286416941,
    "ho3": -2.90748661143168
  },
  "3.0245934554914955": {
    "p": -0.9196911429101116,
    "omega": 1.172962430012836,
    "ho2": -0.9196911424381894,
    "ho3": -2.9309784153160137
  },
  "2.69094228562082": {
    "p": -0.9196910049732892,
    "omega": 1.1209574596502394,
    "ho2": -0.919691004607698,
    "ho3": -2.945580906139026
  },
  "2.3940970881210597": {
    "p": -0.9196907844501787,
    "omega": 1.0371244279819525,
    "ho2": -0.919690783893117,
    "ho3": -2.954406119120961
  },
  "2.1299976955943487": {
    "p": -0.9196904324644998,
    "omega": 0.9174786015126171,
    "ho2": -0.9196904316162227,
    "ho3": -2.9597485055653645
  },
  "1.8950318288043566": {
    "p": -0.9196898713771943,
    "omega": 0.7846612153560104,
    "ho2": -0.9196898700299807,
    "ho3": -2.9630315863628303
  },
  "1.6859856889091707": {
    "p": -0.9196889762636956,
    "omega": 0.8366159294044614,
    "ho2": -0.9196889733454499,
    "ho3": -2.965039039621506
  },
  "1.5": {
    "p": -0.9196875480257863,
    "omega": 0.768152495342786,
    "ho2": -0.9196875422464208,
    "ho3": -2.966150443472514
  }
}