{
  "50": {
    "p": 11.795991123051852,
    "ho": 30
  },
  "44.48436335691837": {
    "p": 11.795991123051852,
    "ho": 30
  },
  "39.57717166540684": {
    "p": 11.795991123051852,
    "ho": 30
  },
  "35.21130570006184": {
    "p": 11.795991123051852,
    "ho": 30
  },
  "31.32705034066164": {
    "p": 11.354958055856931,
    "ho": 30
  },
  "27.871277805089317": {
    "p": 11.354958055856931,
    "ho": 30
  },
  "24.796720982064148": {
    "p": 11.354958055856931,
    "ho": 30
  },
  "22.061326924525268": {
    "p": 11.354958055856931,
    "ho": 30
  },
  "19.627681660926967": {
    "p": 11.354958055856931,
    "ho": 26
  },
  "17.462498457171968": {
    "p": 10.95530938899339,
    "ho": 26
  },
  "15.536162529769287": {
    "p": 10.611488979112492,
    "ho": 26
  },
  "13.822325982927941": {
    "p": 10.335921994030421,
    "ho": 26
  },
  "12.297547429246809": {
    "p": 9.837265189844349,
    "ho": 26
  },
  "10.94097136483105": {
    "p": 9.330455296850724,
    "ho": 24
  },
  "9.73404291341567": {
    "p": 8.767249772330572,
    "ho": 24
  },
  "8.66025403784438": {
    "p": 8.329671505705319,
    "ho": 24
  },
  "7.704917747653778": {
    "p": 7.620769164219346,
    "ho": 24
  },
  "6.8549672144359945": {
    "p": 6.901781594369657,
    "ho": 24
  },
  "6.098777047334667": {
    "p": 6.232750227669427,
    "ho": 14
  },
  "5.426004284129382": {
    "p": 5.669544703149276,
    "ho": 14
  },
  "4.827446923028143": {
    "p": 4.933317069474778,
    "ho": 10
  },
  "4.29491806020443": {
    "p": 4.459930897358353,
    "ho": 10
  },
  "3.8211339115664975": {
    "p": 4.027888387930983,
    "ho": 10
  },
  "3.3996141871513377": {
    "p": 3.6159150431336604,
    "ho": 8
  },
  "3.0245934554914955": {
    "p": 3.3930503958441705,
    "ho": 6
  },
  "2.69094228562082": {
    "p": 3.0435591093500176,
    "ho": 6
  },
  "2.3940970881210597": {
    "p": 2.8036570482403014,
    "ho": 6
  },
  "2.1299976955943487": {
    "p": 2.6824828044694975,
    "ho": 6
  },
  "1.8950318288043566": {
    "p": 2.439124268341439,
    "ho": 6
  },
  "1.6859856889091707": {
    "p": 2.3175171955305025,
    "ho": 6
  },
  "1.5": {
    "p": 2.1963429517596986,
    "ho": 6
  }
}