{
  "50": {
    "p": -0.9196913733066078,
    "omega": 4.416133247282026,
    "ho2": -0.9195540314258706,
    "ho3": -2.566671946606464
  },
  "44.48436335691837": {
    "p": -0.9196913733067545,
    "omega": 4.413638814073846,
    "ho2": -0.9195548406058722,
    "ho3": -2.5666716315909763
  },
  "39.57717166540684": {
    "p": -0.9196913733071301,
    "omega": 4.409665511355554,
    "ho2": -0.9195561035944453,
    "ho3": -2.5666710479009405
  },
  "35.21130570006184": {
    "p": -0.9196913733084036,
    "omega": 4.4033443105676415,
    "ho2": -0.9195580507200642,
    "ho3": -2.5666699213413264
  },
  "31.32705034066164": {
    "p": -0.9196913733111002,
    "omega": 4.393307785431143,
    "ho2": -0.9195609980939292,
    "ho3": -2.5666676678376503
  },
  "27.871277805089317": {
    "p": -0.9196913733171739,
    "omega": 4.377423866487447,
    "ho2": -0.9195653449281267,
    "ho3": -2.5666630552365644
  },
  "24.796720982064148": {
    "p": -0.9196913733311071,
    "omega": 4.352417866673648,
    "ho2": -0.9195715377404752,
    "ho3": -2.566653572466909
  },
  "22.061326924525268": {
    "p": -0.9196913733619185,
    "omega": 4.313376189958472,
    "ho2": -0.9195800003769458,
    "ho3": -2.566634381977842
  },
  "19.627681660926967": {
    "p": -0.9196913734066129,
    "omega": 4.25645724474145,
    "ho2": -0.9195910635817227,
    "ho3": -2.566598264271867
  },
  "17.462498457171968": {
    "p": -0.9196913734235719,
    "omega": 4.16865469120005,
    "ho2": -0.9196049014551829,
    "ho3": -2.566528727145148
  },
  "15.536162529769287": {
    "p": -0.9196913734274165,
    "omega": 4.040708734050047,
    "ho2": -0.9196213754817751,
    "ho3": -2.5664027571440124
  },
  "13.822325982927941": {
    "p": -0.919691373429952,
    "omega": 3.86637852956193,
    "ho2": -0.919639607802007,
    "ho3": -2.56618480457018
  },
  "12.297547429246809": {
    "p": -0.9196913734300246,
    "omega": 3.6514752578658634,
    "ho2": -0.919657418376096,
    "ho3": -2.565823463622046
  },
  "10.94097136483105": {
    "p": -0.919691373418669,
    "omega": 3.398215751135371,
    "ho2": -0.919671579533433,
    "ho3": -2.565242911687521
  },
  "9.73404291341567": {
    "p": -0.919691373391126,
    "omega": 3.076666516666222,
    "ho2": -0.9196806921622581,
    "ho3": -2.5643433642633404
  },
  "8.66025403784438": {
    "p": -0.9196913732511656,
    "omega": 2.7090960424114856,
    "ho2": -0.9196872962889544,
    "ho3": -2.5630230336674544
  },
  "7.704917747653778": {
    "p": -0.9196913716037671,
    "omega": 2.4636884300075352,
    "ho2": -0.919689794908344,
    "ho3": -2.561203488874148
  },
  "6.8549672144359945": {
    "p": -0.9196913684355594,
    "omega": 2.526911965037624,
    "ho2": -0.9196899157213114,
    "ho3": -2.558849985019048
  },
  "6.098777047334667": {
    "p": -0.9196913630058319,
    "omega": 2.529778577079414,
    "ho2": -0.9196897091914555,
    "ho3": -2.556128879990487
  },
  "5.426004284129382": {
    "p": -0.9196913536754894,
    "omega": 1.9156839971754378,
    "ho2": -0.9196903049230549,
    "ho3": -2.553536751813766
  },
  "4.827446923028143": {
    "p": -0.919691339958657,
    "omega": 1.6360809527158107,
    "ho2": -0.9196885815921827,
    "ho3": -2.551626884318446
  },
  "4.29491806020443": {
    "p": -0.9196913181872245,
    "omega": 1.819103702807557,
    "ho2": -0.919685415754412,
    "ho3": -2.5506676541931608
  },
  "3.8211339115664975": {
    "p": -0.9196912837086583,
    "omega": 1.3249844281469383,
    "ho2": -0.9196803277558199,
    "ho3": -2.5503443646725477
  },
  "3.3996141871513377": {
    "p": -0.9196912289207954,
    "omega": 1.4731218796272558,
    "ho2": -0.9196745048473113,
    "ho3": -2.5511735912263855
  },
  "3.0245934554914955": {
    "p": -0.9196911420792456,
    "omega": 1.6323491441496623,
    "ho2": -0.9196675830726195,
    "ho3": -2.5524411924502615
  },
  "2.69094228562082": {
    "p": -0.9196910040844086,
    "omega": 1.573031106892169,
    "ho2": -0.9196628720653862,
    "ho3": -2.5543836473418664
  },
  "2.3940970881210597": {
    "p": -0.9196907835136573,
    "omega": 1.31341659243323,
    "ho2": -0.9196612038052471,
    "ho3": -2.5570479083136304
  },
  "2.1299976955943487": {
    "p": -0.9196904315959067,
    "omega": 1.4580170705492579,
    "ho2": -0.9196574251277091,
    "ho3": -2.560465894170553
  },
  "1.8950318288043566": {
    "p": -0.919689870445452,
    "omega": 1.4029102895894092,
    "ho2": -0.9196562110406087,
    "ho3": -2.564752963899478
  },
  "1.6859856889091707": {
    "p": -0.9196889753308319,
    "omega": 1.351168580259005,
    "ho2": -0.9196554480060248,
    "ho3": -2.569987249597553
  },
  "1.5": {
    "p": -0.9196875470975655,
    "omega": 1.2985930150329357,
    "ho2": -0.9196547622150721,
    "ho3": -2.576262572943178
  }
}