{
  "50": {
    "p": 11.795991123051852,
    "ho": 30
  },
  "44.48436335691837": {
    "p": 11.795991123051852,
    "ho": 30
  },
  "39.57717166540684": {
    "p": 11.795991123051852,
    "ho": 30
  },
  "35.21130570006184": {
    "p": 11.795991123051852,
    "ho": 30
  },
  "31.32705034066164": {
    "p": 11.354958055856931,
    "ho": 30
  },
  "27.871277805089317": {
    "p": 11.354958055856931,
    "ho": 30
  },
  "24.796720982064148": {
    "p": 11.354958055856931,
    "ho": 30
  },
  "22.061326924525268": {
    "p": 11.354958055856931,
    "ho": 30
  },
  "19.627681660926967": {
    "p": 11.354958055856931,
    "ho": 30
  },
  "17.462498457171968": {
    "p": 10.95530938899339,
    "ho": 26
  },
  "15.536162529769287": {
    "p": 10.95530938899339,
    "ho": 26
  },
  "13.822325982927941": {
    "p": 10.611488979112492,
    "ho": 26
  },
  "12.297547429246809": {
    "p": 9.96402877886317,
    "ho": 26
  },
  "10.94097136483105": {
    "p": 9.623419034331425,
    "ho": 24
  },
  "9.73404291341567": {
    "p": 9.157610667325539,
    "ho": 24
  },
  "8.66025403784438": {
    "p": 8.553378190326589,
    "ho": 24
  },
  "7.704917747653778": {
    "p": 8.098218405630343,
    "ho": 24
  },
  "6.8549672144359945": {
    "p": 7.379230835780654,
    "ho": 24
  },
  "6.098777047334667": {
    "p": 6.901781594369657,
    "ho": 14
  },
  "5.426004284129382": {
    "p": 6.446621809673411,
    "ho": 14
  },
  "4.827446923028143": {
    "p": 6.232750227669427,
    "ho": 16
  },
  "4.29491806020443": {
    "p": 6.0307106068980945,
    "ho": 16
  },
  "3.8211339115664975": {
    "p": 5.842389332674462,
    "ho": 16
  },
  "3.3996141871513377": {
    "p": 5.669544703149276,
    "ho": 22
  },
  "3.0245934554914955": {
    "p": 5.513790510080144,
    "ho": 22
  },
  "2.69094228562082": {
    "p": 5.513790510080144,
    "ho": 22
  },
  "2.3940970881210597": {
    "p": 5.376580965668575,
    "ho": 22
  },
  "2.1299976955943487": {
    "p": 5.25919711058487,
    "ho": 22
  },
  "1.8950318288043566": {
    "p": 5.088094361031234,
    "ho": 22
  },
  "1.6859856889091707": {
    "p": 4.977533428691861,
    "ho": 22
  },
  "1.5": {
    "p": 4.902521999130134,
    "ho": 22
  }
}